Joyce,Dikens
Dikens,Dikens
Joyce,Dikens
Dikens,Dikens
Dikens,Dikens
Dikens,Dikens
Dikens,Dikens
Dikens,Dikens
Dikens,Dikens
Dikens,Dikens
Dikens,Dikens
Dikens,Dikens
Dikens,Dikens
Dikens,Dikens
Dikens,Dikens
Dikens,Dikens
Dikens,Dikens
Dikens,Dikens
Dikens,Dikens
Dikens,Dikens
Dikens,Dikens
Dikens,Dikens
Dikens,Dikens
Dikens,Dikens
Dikens,Dikens
Dikens,Dikens
Dikens,Dikens
Dikens,Dikens
Dikens,Dikens
Dikens,Dikens
Dikens,Dikens
Joyce,Dikens
Joyce,Dikens
Dikens,Dikens
Dikens,Dikens
Dikens,Dikens
Dikens,Dikens
Dikens,Dikens
Dikens,Dikens
Dikens,Dikens
Dikens,Dikens
Dikens,Dikens
Dikens,Dikens
Dikens,Dikens
Dikens,Dikens
Dikens,Dikens
Dikens,Dikens
Dikens,Dikens
Dikens,Dikens
Dikens,Dikens
Joyce,Dikens
Joyce,Dikens
Dikens,Dikens
Joyce,Joyce
Joyce,Joyce
Joyce,Joyce
Joyce,Joyce
Joyce,Joyce
Joyce,Joyce
Joyce,Joyce
Joyce,Joyce
Joyce,Joyce
Joyce,Joyce
Joyce,Joyce
Joyce,Joyce
Joyce,Joyce
Joyce,Joyce
Joyce,Joyce
Joyce,Joyce
Joyce,Joyce
Joyce,Joyce
Joyce,Joyce
Joyce,Joyce
Joyce,Joyce
Joyce,Joyce
Joyce,Joyce
Joyce,Joyce
Dikens,Joyce
Joyce,Joyce
Dikens,Joyce
Joyce,Joyce
Joyce,Joyce
Joyce,Joyce
Joyce,Joyce
Joyce,Joyce
